candidate_region	CHROM	POS	REF	ALT	red_called_alleles	black_called_alleles	red_af	black_af	af_diff	abs_af_diff	window_start	window_end	nearby_annotation	project_interpretation
A20:4.4-4.5 Mb	NC_056591.1	4455315	G	A	2	2	0	1	-1	1	4400001	4500000	Within/near LOC109112681, annotated as AT-rich interactive domain-containing protein 1B-like	Candidate differentiation region with many informative SNPs; possible regulatory or linked variation, not a proven color mutation.
A20:4.4-4.5 Mb	NC_056591.1	4487318	A	G	2	2	0	1	-1	1	4400001	4500000	Within/near LOC109112681, annotated as AT-rich interactive domain-containing protein 1B-like	Candidate differentiation region with many informative SNPs; possible regulatory or linked variation, not a proven color mutation.
A20:4.4-4.5 Mb	NC_056591.1	4487366	T	C	2	2	0	1	-1	1	4400001	4500000	Within/near LOC109112681, annotated as AT-rich interactive domain-containing protein 1B-like	Candidate differentiation region with many informative SNPs; possible regulatory or linked variation, not a proven color mutation.
A20:4.4-4.5 Mb	NC_056591.1	4487385	C	T	2	2	0	1	-1	1	4400001	4500000	Within/near LOC109112681, annotated as AT-rich interactive domain-containing protein 1B-like	Candidate differentiation region with many informative SNPs; possible regulatory or linked variation, not a proven color mutation.
A20:4.5-4.6 Mb	NC_056591.1	4514647	A	G	2	2	0	1	-1	1	4500001	4600000	Overlaps LOC109112681 and nearby pseudogene-rich sequence	Adjacent candidate region that may represent the same broader differentiated block as 4.4-4.5 Mb.
A20:4.5-4.6 Mb	NC_056591.1	4514658	A	C	2	2	0	1	-1	1	4500001	4600000	Overlaps LOC109112681 and nearby pseudogene-rich sequence	Adjacent candidate region that may represent the same broader differentiated block as 4.4-4.5 Mb.
A20:4.5-4.6 Mb	NC_056591.1	4542082	T	A	2	6	1	0	1	1	4500001	4600000	Overlaps LOC109112681 and nearby pseudogene-rich sequence	Adjacent candidate region that may represent the same broader differentiated block as 4.4-4.5 Mb.
A20:4.5-4.6 Mb	NC_056591.1	4558428	T	C	2	2	0	1	-1	1	4500001	4600000	Overlaps LOC109112681 and nearby pseudogene-rich sequence	Adjacent candidate region that may represent the same broader differentiated block as 4.4-4.5 Mb.
A20:4.5-4.6 Mb	NC_056591.1	4564808	A	T	2	2	0	1	-1	1	4500001	4600000	Overlaps LOC109112681 and nearby pseudogene-rich sequence	Adjacent candidate region that may represent the same broader differentiated block as 4.4-4.5 Mb.
A20:4.5-4.6 Mb	NC_056591.1	4593666	A	T	2	6	1	0.166666666666667	0.833333333333333	0.833333333333333	4500001	4600000	Overlaps LOC109112681 and nearby pseudogene-rich sequence	Adjacent candidate region that may represent the same broader differentiated block as 4.4-4.5 Mb.
A20:13.9-14.0 Mb	NC_056591.1	13907381	T	A	2	2	0	1	-1	1	13900001	14000000	Near LOC109112719, uncharacterized protein-coding gene, and LOC122148973, cytochrome P450 2J3-like	Candidate region with more SNP support than the top 14.5-14.6 Mb peak; gene products are not known from this analysis to be pigmentation genes.
A20:13.9-14.0 Mb	NC_056591.1	13932032	T	C	2	2	1	0	1	1	13900001	14000000	Near LOC109112719, uncharacterized protein-coding gene, and LOC122148973, cytochrome P450 2J3-like	Candidate region with more SNP support than the top 14.5-14.6 Mb peak; gene products are not known from this analysis to be pigmentation genes.
A20:13.9-14.0 Mb	NC_056591.1	13957292	T	A	10	2	0.2	1	-0.8	0.8	13900001	14000000	Near LOC109112719, uncharacterized protein-coding gene, and LOC122148973, cytochrome P450 2J3-like	Candidate region with more SNP support than the top 14.5-14.6 Mb peak; gene products are not known from this analysis to be pigmentation genes.
A20:13.9-14.0 Mb	NC_056591.1	13957495	C	T	4	2	0	1	-1	1	13900001	14000000	Near LOC109112719, uncharacterized protein-coding gene, and LOC122148973, cytochrome P450 2J3-like	Candidate region with more SNP support than the top 14.5-14.6 Mb peak; gene products are not known from this analysis to be pigmentation genes.
A20:13.9-14.0 Mb	NC_056591.1	13976754	A	T	4	8	1	0	1	1	13900001	14000000	Near LOC109112719, uncharacterized protein-coding gene, and LOC122148973, cytochrome P450 2J3-like	Candidate region with more SNP support than the top 14.5-14.6 Mb peak; gene products are not known from this analysis to be pigmentation genes.
A20:14.5-14.6 Mb	NC_056591.1	14557124	T	A	4	2	0	1	-1	1	14500001	14600000	Near forkhead box protein Q1-like and F2-like genes; strongest SNP is near pseudogene LOC122149054	Highest FST peak, but based on only 3 informative SNPs; strongest marker is NC_056591.1:14557124 T>A.
